[{"enName":"RekSai","title":"\u865a\u7a7a\u6398\u5730\u8005","cnName":"\u96f7\u514b\u8d5b","tags":"\u6253\u91ce","defense":"5","magic":"2","difficulty":"3","attack":"8","seq":"0","price1":"6300","price2":"4500"},{"enName":"Kalista","title":"\u590d\u4ec7\u4e4b\u77db","cnName":"\u5361\u8389\u4e1d\u5854","tags":"\u8f85\u52a9,ADC","defense":"2","magic":"4","difficulty":"7","attack":"8","seq":"1","price1":"6300","price2":"4500"},{"enName":"Azir","title":"\u6c99\u6f20\u7687\u5e1d","cnName":"\u963f\u5179\u5c14","tags":"\u6cd5\u5e08","defense":"3","magic":"8","difficulty":"9","attack":"6","seq":"2","price1":"6300","price2":"4500"},{"enName":"Gnar","title":"\u8ff7\u5931\u4e4b\u7259","cnName":"\u7eb3\u5c14","tags":"\u4e0a\u5355,\u5766\u514b,\u6218\u58eb","defense":"5","magic":"5","difficulty":"8","attack":"6","seq":"3","price1":"6300","price2":"4500"},{"enName":"Braum","title":"\u5f17\u96f7\u5c14\u5353\u5fb7\u4e4b\u5fc3","cnName":"\u5e03\u9686","tags":"\u8f85\u52a9,\u5766\u514b","defense":"9","magic":"4","difficulty":"3","attack":"3","seq":"4","price1":"6300","price2":"4500"},{"enName":"Velkoz","title":"\u865a\u7a7a\u4e4b\u773c","cnName":"\u7ef4\u514b\u5179","tags":"\u4e2d\u5355,\u6cd5\u5e08,\u8f85\u52a9","defense":"2","magic":"10","difficulty":"8","attack":"2","seq":"5","price1":"6300","price2":"4500"},{"enName":"Yasuo","title":"\u75be\u98ce\u5251\u8c6a","cnName":"\u4e9a\u7d22","tags":"\u4e2d\u5355,\u523a\u5ba2,\u4e0a\u5355","defense":"4","magic":"4","difficulty":"10","attack":"8","seq":"6","price1":"6300","price2":"4500"},{"enName":"Jinx","title":"\u66b4\u8d70\u841d\u8389","cnName":"\u91d1\u514b\u4e1d","tags":"ADC,\u5c04\u624b","defense":"2","magic":"4","difficulty":"6","attack":"9","seq":"7","price1":"6300","price2":"4500"},{"enName":"Lucian","title":"\u5723\u67aa\u6e38\u4fa0","cnName":"\u5362\u9521\u5b89","tags":"ADC,\u5c04\u624b","defense":"5","magic":"3","difficulty":"6","attack":"8","seq":"8","price1":"6300","price2":"4500"},{"enName":"Aatrox","title":"\u6697\u88d4\u5251\u9b54","cnName":"\u4e9a\u6258\u514b\u65af","tags":"\u6253\u91ce,\u4e0a\u5355,\u6218\u58eb,\u523a\u5ba2","defense":"4","magic":"3","difficulty":"4","attack":"8","seq":"9","price1":"6300","price2":"4500"},{"enName":"Lissandra","title":"\u51b0\u971c\u5973\u5deb","cnName":"\u4e3d\u6851\u5353","tags":"\u4e2d\u5355,\u6cd5\u5e08,\u4e0a\u5355","defense":"5","magic":"8","difficulty":"6","attack":"2","seq":"10","price1":"6300","price2":"3000"},{"enName":"Zac","title":"\u751f\u5316\u9b54\u4eba","cnName":"\u624e\u514b","tags":"\u4e0a\u5355,\u5766\u514b,\u6253\u91ce","defense":"7","magic":"7","difficulty":"8","attack":"3","seq":"11","price1":"6300","price2":"3000"},{"enName":"Quinn","title":"\u5fb7\u739b\u897f\u4e9a\u4e4b\u7ffc","cnName":"\u594e\u56e0","tags":"ADC,\u5c04\u624b,\u523a\u5ba2","defense":"4","magic":"2","difficulty":"5","attack":"9","seq":"12","price1":"6300","price2":"4500"},{"enName":"Thresh","title":"\u9b42\u9501\u5178\u72f1\u957f","cnName":"\u9524\u77f3","tags":"\u8f85\u52a9,\u6218\u58eb,\u4e0a\u5355","defense":"6","magic":"6","difficulty":"7","attack":"5","seq":"13","price1":"6300","price2":"4500"},{"enName":"Vi","title":"\u76ae\u57ce\u6267\u6cd5\u5b98","cnName":"\u851a","tags":"\u4e0a\u5355,\u6253\u91ce,\u6218\u58eb,\u523a\u5ba2","defense":"5","magic":"3","difficulty":"4","attack":"8","seq":"14","price1":"6300","price2":"4500"},{"enName":"Nami","title":"\u5524\u6f6e\u9c9b\u59ec","cnName":"\u5a1c\u7f8e","tags":"\u8f85\u52a9,\u6cd5\u5e08","defense":"3","magic":"7","difficulty":"5","attack":"4","seq":"15","price1":"6300","price2":"4500"},{"enName":"Zed","title":"\u5f71\u6d41\u4e4b\u4e3b","cnName":"\u52ab","tags":"\u4e0a\u5355,\u4e2d\u5355,\u523a\u5ba2,\u6253\u91ce","defense":"2","magic":"1","difficulty":"7","attack":"9","seq":"16","price1":"6300","price2":"4500"},{"enName":"Elise","title":"\u8718\u86db\u5973\u7687","cnName":"\u4f0a\u8389\u4e1d","tags":"\u6253\u91ce,\u6cd5\u5e08,\u4e0a\u5355","defense":"5","magic":"7","difficulty":"9","attack":"6","seq":"17","price1":"6300","price2":"3000"},{"enName":"Khazix","title":"\u865a\u7a7a\u63a0\u593a\u8005","cnName":"\u5361\u2019\u5179\u514b","tags":"\u4e0a\u5355,\u6253\u91ce,\u523a\u5ba2,\u4e2d\u5355","defense":"4","magic":"3","difficulty":"6","attack":"9","seq":"18","price1":"6300","price2":"4500"},{"enName":"Syndra","title":"\u6697\u9ed1\u5143\u9996","cnName":"\u8f9b\u5fb7\u62c9","tags":"\u4e2d\u5355,\u6cd5\u5e08,\u8f85\u52a9","defense":"3","magic":"9","difficulty":"8","attack":"2","seq":"19","price1":"6300","price2":"4500"},{"enName":"Rengar","title":"\u50b2\u4e4b\u8ffd\u730e\u8005","cnName":"\u96f7\u6069\u52a0\u5c14","tags":"\u6253\u91ce,\u4e0a\u5355,\u6218\u58eb,\u523a\u5ba2","defense":"4","magic":"2","difficulty":"8","attack":"7","seq":"20","price1":"6300","price2":"4500"},{"enName":"Diana","title":"\u768e\u6708\u5973\u795e","cnName":"\u9edb\u5b89\u5a1c","tags":"\u4e0a\u5355,\u4e2d\u5355,\u6cd5\u5e08,\u523a\u5ba2","defense":"6","magic":"8","difficulty":"4","attack":"7","seq":"21","price1":"6300","price2":"4500"},{"enName":"Zyra","title":"\u8346\u68d8\u4e4b\u5174","cnName":"\u5a55\u62c9","tags":"\u4e2d\u5355,\u6cd5\u5e08,\u8f85\u52a9","defense":"3","magic":"8","difficulty":"7","attack":"4","seq":"22","price1":"6300","price2":"4500"},{"enName":"Jayce","title":"\u672a\u6765\u5b88\u62a4\u8005","cnName":"\u6770\u65af","tags":"\u4e0a\u5355,\u4e2d\u5355,\u5c04\u624b","defense":"4","magic":"3","difficulty":"7","attack":"8","seq":"23","price1":"6300","price2":"3500"},{"enName":"Draven","title":"\u8363\u8000\u884c\u5211\u5b98","cnName":"\u5fb7\u83b1\u6587","tags":"ADC,\u5c04\u624b","defense":"3","magic":"1","difficulty":"8","attack":"9","seq":"24","price1":"6300","price2":"4500"},{"enName":"Darius","title":"\u8bfa\u514b\u8428\u65af\u4e4b\u624b","cnName":"\u5fb7\u83b1\u5384\u65af","tags":"\u65b0\u624b,\u4e0a\u5355,\u6218\u58eb,\u5766\u514b","defense":"5","magic":"1","difficulty":"2","attack":"9","seq":"25","price1":"6300","price2":"4500"},{"enName":"Varus","title":"\u60e9\u6212\u4e4b\u7bad","cnName":"\u97e6\u9c81\u65af","tags":"ADC,\u5c04\u624b","defense":"3","magic":"4","difficulty":"2","attack":"7","seq":"26","price1":"6300","price2":"4500"},{"enName":"Hecarim","title":"\u6218\u4e89\u4e4b\u5f71","cnName":"\u8d6b\u5361\u91cc\u59c6","tags":"\u65b0\u624b,\u6253\u91ce,\u6218\u58eb","defense":"6","magic":"4","difficulty":"6","attack":"8","seq":"27","price1":"6300","price2":"4500"},{"enName":"Lulu","title":"\u4ed9\u7075\u5973\u5deb","cnName":"\u7490\u7490","tags":"\u4e2d\u5355,\u6cd5\u5e08,\u8f85\u52a9","defense":"5","magic":"7","difficulty":"5","attack":"4","seq":"28","price1":"6300","price2":"4500"},{"enName":"Fiora","title":"\u65e0\u53cc\u5251\u59ec","cnName":"\u83f2\u5965\u5a1c","tags":"\u4e0a\u5355,\u523a\u5ba2,\u6253\u91ce","defense":"4","magic":"2","difficulty":"3","attack":"10","seq":"29","price1":"6300","price2":"4500"},{"enName":"Nautilus","title":"\u6df1\u6d77\u6cf0\u5766","cnName":"\u8bfa\u63d0\u52d2\u65af","tags":"\u6253\u91ce,\u5766\u514b,\u4e0a\u5355","defense":"6","magic":"6","difficulty":"6","attack":"4","seq":"30","price1":"4800","price2":"3500"},{"enName":"Ziggs","title":"\u7206\u7834\u9b3c\u624d","cnName":"\u5409\u683c\u65af","tags":"\u4e2d\u5355,\u6cd5\u5e08","defense":"4","magic":"9","difficulty":"4","attack":"2","seq":"31","price1":"6300","price2":"4500"},{"enName":"Sejuani","title":"\u51db\u51ac\u4e4b\u6012","cnName":"\u745f\u5e84\u59ae","tags":"\u65b0\u624b,\u6253\u91ce,\u5766\u514b","defense":"7","magic":"6","difficulty":"4","attack":"5","seq":"32","price1":"4800","price2":"3500"},{"enName":"Anivia","title":"\u51b0\u6676\u51e4\u51f0","cnName":"\u827e\u5c3c\u7ef4\u4e9a","tags":"\u4e2d\u5355,\u6cd5\u5e08","defense":"4","magic":"10","difficulty":"10","attack":"1","seq":"33","price1":"4800","price2":"3500"},{"enName":"Irelia","title":"\u5200\u950b\u610f\u5fd7","cnName":"\u827e\u745e\u8389\u5a05","tags":"\u4e0a\u5355,\u6218\u58eb,\u523a\u5ba2","defense":"4","magic":"5","difficulty":"5","attack":"7","seq":"34","price1":"6300","price2":"4000"},{"enName":"Corki","title":"\u82f1\u52c7\u6295\u5f39\u624b","cnName":"\u5e93\u5947","tags":"ADC,\u5c04\u624b,\u4e2d\u5355","defense":"3","magic":"6","difficulty":"6","attack":"8","seq":"35","price1":"6300","price2":"3500"},{"enName":"Yorick","title":"\u6398\u5893\u8005","cnName":"\u7ea6\u91cc\u514b","tags":"\u4e0a\u5355,\u6218\u58eb,\u6253\u91ce","defense":"6","magic":"6","difficulty":"4","attack":"6","seq":"36","price1":"4800","price2":"3500"},{"enName":"Kennen","title":"\u72c2\u66b4\u4e4b\u5fc3","cnName":"\u51ef\u5357","tags":"\u4e2d\u5355,\u4e0a\u5355,\u6cd5\u5e08,ADC","defense":"4","magic":"7","difficulty":"4","attack":"6","seq":"37","price1":"6300","price2":"3500"},{"enName":"Cassiopeia","title":"\u9b54\u86c7\u4e4b\u62e5","cnName":"\u5361\u897f\u5965\u4f69\u5a05","tags":"\u4e2d\u5355,\u6cd5\u5e08","defense":"3","magic":"9","difficulty":"10","attack":"2","seq":"38","price1":"6300","price2":"2500"},{"enName":"Galio","title":"\u54e8\u5175\u4e4b\u6b87","cnName":"\u52a0\u91cc\u5965","tags":"\u4e2d\u5355,\u4e0a\u5355,\u6cd5\u5e08,\u8f85\u52a9","defense":"7","magic":"6","difficulty":"3","attack":"3","seq":"39","price1":"6300","price2":"2000"},{"enName":"Karthus","title":"\u6b7b\u4ea1\u9882\u5531\u8005","cnName":"\u5361\u5c14\u8428\u65af","tags":"\u4e2d\u5355,\u6cd5\u5e08,\u6253\u91ce","defense":"2","magic":"10","difficulty":"7","attack":"2","seq":"40","price1":"6300","price2":"3000"},{"enName":"Nidalee","title":"\u72c2\u91ce\u5973\u730e\u624b","cnName":"\u5948\u5fb7\u4e3d","tags":"\u4e0a\u5355,\u4e2d\u5355,\u6cd5\u5e08,\u8f85\u52a9","defense":"4","magic":"7","difficulty":"8","attack":"5","seq":"41","price1":"6300","price2":"3500"},{"enName":"Teemo","title":"\u8fc5\u6377\u65a5\u5019","cnName":"\u63d0\u83ab","tags":"\u65b0\u624b,\u4e0a\u5355,\u6cd5\u5e08,\u8f85\u52a9","defense":"3","magic":"7","difficulty":"6","attack":"5","seq":"42","price1":"6300","price2":"3500"},{"enName":"Volibear","title":"\u96f7\u9706\u5486\u54ee","cnName":"\u6c83\u5229\u8d1d\u5c14","tags":"\u6253\u91ce,\u5766\u514b,\u4e0a\u5355","defense":"7","magic":"4","difficulty":"3","attack":"7","seq":"43","price1":"6300","price2":"4500"},{"enName":"Fizz","title":"\u6f6e\u6c50\u6d77\u7075","cnName":"\u83f2\u5179","tags":"\u4e2d\u5355,\u6cd5\u5e08,\u523a\u5ba2","defense":"4","magic":"7","difficulty":"6","attack":"6","seq":"44","price1":"6300","price2":"4500"},{"enName":"MonkeyKing","title":"\u9f50\u5929\u5927\u5723","cnName":"\u5b59\u609f\u7a7a","tags":"\u65b0\u624b,\u6253\u91ce,\u6218\u58eb,\u4e0a\u5355","defense":"5","magic":"2","difficulty":"3","attack":"8","seq":"45","price1":"6300","price2":"4500"},{"enName":"Graves","title":"\u6cd5\u5916\u72c2\u5f92","cnName":"\u683c\u96f7\u798f\u65af","tags":"\u65b0\u624b,ADC,\u5c04\u624b","defense":"5","magic":"3","difficulty":"3","attack":"8","seq":"46","price1":"6300","price2":"4500"},{"enName":"Ahri","title":"\u4e5d\u5c3e\u5996\u72d0","cnName":"\u963f\u72f8","tags":"\u4e2d\u5355,\u6cd5\u5e08,\u523a\u5ba2","defense":"4","magic":"8","difficulty":"5","attack":"3","seq":"47","price1":"6300","price2":"3500"},{"enName":"Shyvana","title":"\u9f99\u8840\u6b66\u59ec","cnName":"\u5e0c\u74e6\u5a1c","tags":"\u6253\u91ce,\u4e0a\u5355,\u5766\u514b,\u6218\u58eb","defense":"6","magic":"3","difficulty":"4","attack":"8","seq":"48","price1":"6300","price2":"4500"},{"enName":"Orianna","title":"\u53d1\u6761\u9b54\u7075","cnName":"\u5965\u8389\u5b89\u5a1c","tags":"\u4e2d\u5355,\u6cd5\u5e08","defense":"3","magic":"9","difficulty":"7","attack":"4","seq":"49","price1":"6300","price2":"3000"},{"enName":"KogMaw","title":"\u6df1\u6e0a\u5de8\u53e3","cnName":"\u514b\u683c'\u83ab","tags":"\u4e2d\u5355,ADC,\u6cd5\u5e08,\u5c04\u624b","defense":"2","magic":"5","difficulty":"6","attack":"8","seq":"50","price1":"6300","price2":"2000"},{"enName":"Riven","title":"\u653e\u9010\u4e4b\u5203","cnName":"\u9510\u96ef","tags":"\u4e2d\u5355,\u4e0a\u5355,\u523a\u5ba2,\u6253\u91ce","defense":"5","magic":"1","difficulty":"8","attack":"8","seq":"51","price1":"6300","price2":"4500"},{"enName":"Talon","title":"\u5200\u950b\u4e4b\u5f71","cnName":"\u6cf0\u9686","tags":"\u4e0a\u5355,\u4e2d\u5355,\u523a\u5ba2,\u6253\u91ce","defense":"3","magic":"1","difficulty":"7","attack":"9","seq":"52","price1":"6300","price2":"4500"},{"enName":"Caitlyn","title":"\u76ae\u57ce\u5973\u8b66","cnName":"\u51ef\u7279\u7433","tags":"\u65b0\u624b,ADC,\u5c04\u624b","defense":"2","magic":"2","difficulty":"6","attack":"8","seq":"53","price1":"6300","price2":"3000"},{"enName":"Swain","title":"\u7b56\u58eb\u7edf\u9886","cnName":"\u65af\u7ef4\u56e0","tags":"\u4e2d\u5355,\u6cd5\u5e08","defense":"6","magic":"9","difficulty":"8","attack":"2","seq":"54","price1":"6300","price2":"3500"},{"enName":"Viktor","title":"\u673a\u68b0\u5148\u9a71","cnName":"\u7ef4\u514b\u6258","tags":"\u4e2d\u5355,\u6cd5\u5e08","defense":"4","magic":"10","difficulty":"9","attack":"2","seq":"55","price1":"4800","price2":"2500"},{"enName":"Shaco","title":"\u6076\u9b54\u5c0f\u4e11","cnName":"\u8428\u79d1","tags":"\u6253\u91ce,\u523a\u5ba2,\u6218\u58eb","defense":"4","magic":"6","difficulty":"9","attack":"8","seq":"56","price1":"4800","price2":"2000"},{"enName":"Ezreal","title":"\u63a2\u9669\u5bb6","cnName":"\u4f0a\u6cfd\u745e\u5c14","tags":"\u4e2d\u5355,ADC,\u6cd5\u5e08,\u5c04\u624b","defense":"2","magic":"6","difficulty":"7","attack":"7","seq":"57","price1":"4800","price2":"3000"},{"enName":"Vayne","title":"\u6697\u591c\u730e\u624b","cnName":"\u8587\u6069","tags":"ADC,\u5c04\u624b","defense":"1","magic":"1","difficulty":"8","attack":"10","seq":"58","price1":"4800","price2":"3000"},{"enName":"Rumble","title":"\u673a\u68b0\u516c\u654c","cnName":"\u5170\u535a","tags":"\u4e0a\u5355,\u6cd5\u5e08,\u6218\u58eb","defense":"6","magic":"8","difficulty":"10","attack":"3","seq":"59","price1":"4800","price2":"3000"},{"enName":"Tryndamere","title":"\u86ee\u65cf\u4e4b\u738b","cnName":"\u6cf0\u8fbe\u7c73\u5c14","tags":"\u4e0a\u5355,\u6253\u91ce,\u6218\u58eb,\u523a\u5ba2","defense":"5","magic":"2","difficulty":"5","attack":"10","seq":"60","price1":"4800","price2":"3500"},{"enName":"Twitch","title":"\u761f\u75ab\u4e4b\u6e90","cnName":"\u56fe\u5947","tags":"ADC,\u5c04\u624b,\u6253\u91ce","defense":"2","magic":"3","difficulty":"6","attack":"9","seq":"61","price1":"4800","price2":"3000"},{"enName":"Annie","title":"\u9ed1\u6697\u4e4b\u5973","cnName":"\u5b89\u59ae","tags":"\u65b0\u624b,\u4e2d\u5355,\u8f85\u52a9,\u6cd5\u5e08","defense":"3","magic":"10","difficulty":"6","attack":"2","seq":"62","price1":"4800","price2":"2000"},{"enName":"Leblanc","title":"\u8be1\u672f\u5996\u59ec","cnName":"\u4e50\u8299\u5170","tags":"\u4e2d\u5355,\u6cd5\u5e08,\u8f85\u52a9","defense":"4","magic":"10","difficulty":"9","attack":"1","seq":"63","price1":"4800","price2":"2500"},{"enName":"TwistedFate","title":"\u5361\u724c\u5927\u5e08","cnName":"\u5d14\u65af\u7279","tags":"\u4e2d\u5355,\u6cd5\u5e08,\u8f85\u52a9","defense":"2","magic":"6","difficulty":"9","attack":"6","seq":"64","price1":"4800","price2":"3000"},{"enName":"Skarner","title":"\u6c34\u6676\u5148\u950b","cnName":"\u65af\u5361\u7eb3","tags":"\u65b0\u624b,\u6253\u91ce,\u6218\u58eb,\u5766\u514b","defense":"6","magic":"5","difficulty":"5","attack":"7","seq":"65","price1":"4800","price2":"3000"},{"enName":"JarvanIV","title":"\u5fb7\u739b\u897f\u4e9a\u7687\u5b50","cnName":"\u5609\u6587\u56db\u4e16","tags":"\u65b0\u624b,\u6253\u91ce,\u6218\u58eb,\u4e0a\u5355","defense":"8","magic":"3","difficulty":"5","attack":"6","seq":"66","price1":"4800","price2":"3000"},{"enName":"Renekton","title":"\u8352\u6f20\u5c60\u592b","cnName":"\u96f7\u514b\u987f","tags":"\u4e0a\u5355,\u6218\u58eb,\u5766\u514b","defense":"5","magic":"2","difficulty":"3","attack":"8","seq":"67","price1":"4800","price2":"3000"},{"enName":"Maokai","title":"\u626d\u66f2\u6811\u7cbe","cnName":"\u8302\u51ef","tags":"\u6253\u91ce,\u5766\u514b","defense":"8","magic":"6","difficulty":"3","attack":"3","seq":"68","price1":"4800","price2":"3000"},{"enName":"Nocturne","title":"\u6c38\u6052\u68a6\u9b47","cnName":"\u9b54\u817e","tags":"\u6253\u91ce,\u6218\u58eb,\u4e0a\u5355","defense":"5","magic":"2","difficulty":"4","attack":"9","seq":"69","price1":"4800","price2":"3000"},{"enName":"LeeSin","title":"\u76f2\u50e7","cnName":"\u674e\u9752","tags":"\u4e0a\u5355,\u6253\u91ce,\u6218\u58eb,\u523a\u5ba2","defense":"5","magic":"3","difficulty":"6","attack":"8","seq":"70","price1":"4800","price2":"3000"},{"enName":"Brand","title":"\u590d\u4ec7\u7130\u9b42","cnName":"\u5e03\u5170\u5fb7","tags":"\u4e2d\u5355,\u6cd5\u5e08","defense":"2","magic":"9","difficulty":"4","attack":"2","seq":"71","price1":"4800","price2":"2000"},{"enName":"Xerath","title":"\u8fdc\u53e4\u5deb\u7075","cnName":"\u6cfd\u62c9\u65af","tags":"\u4e2d\u5355,\u6cd5\u5e08","defense":"3","magic":"10","difficulty":"8","attack":"1","seq":"72","price1":"4800","price2":"2500"},{"enName":"Malzahar","title":"\u865a\u7a7a\u5148\u77e5","cnName":"\u739b\u5c14\u624e\u54c8","tags":"\u4e2d\u5355,\u6cd5\u5e08","defense":"2","magic":"9","difficulty":"6","attack":"2","seq":"73","price1":"4800","price2":"3000"},{"enName":"Leona","title":"\u66d9\u5149\u5973\u795e","cnName":"\u857e\u6b27\u5a1c","tags":"\u8f85\u52a9,\u5766\u514b,\u6cd5\u5e08","defense":"8","magic":"3","difficulty":"4","attack":"4","seq":"74","price1":"4800","price2":"3000"},{"enName":"Gragas","title":"\u9152\u6876","cnName":"\u53e4\u62c9\u52a0\u65af","tags":"\u4e0a\u5355,\u4e2d\u5355,\u6cd5\u5e08,\u6253\u91ce","defense":"7","magic":"6","difficulty":"5","attack":"4","seq":"75","price1":"3150","price2":"2500"},{"enName":"Udyr","title":"\u517d\u7075\u884c\u8005","cnName":"\u4e4c\u8fea\u5c14","tags":"\u6253\u91ce,\u6218\u58eb,\u4e0a\u5355","defense":"7","magic":"4","difficulty":"7","attack":"8","seq":"76","price1":"3150","price2":"2500"},{"enName":"Rammus","title":"\u62ab\u7532\u9f99\u9f9f","cnName":"\u62c9\u83ab\u65af","tags":"\u6253\u91ce,\u5766\u514b,\u4e0a\u5355","defense":"10","magic":"5","difficulty":"5","attack":"4","seq":"77","price1":"3150","price2":"2500"},{"enName":"Sona","title":"\u7434\u745f\u4ed9\u5973","cnName":"\u5a11\u5a1c","tags":"\u65b0\u624b,\u8f85\u52a9,\u6cd5\u5e08","defense":"2","magic":"8","difficulty":"4","attack":"5","seq":"78","price1":"3150","price2":"2500"},{"enName":"Kassadin","title":"\u865a\u7a7a\u884c\u8005","cnName":"\u5361\u8428\u4e01","tags":"\u4e2d\u5355,\u6cd5\u5e08","defense":"5","magic":"8","difficulty":"8","attack":"3","seq":"79","price1":"3150","price2":"2500"},{"enName":"Karma","title":"\u5929\u542f\u8005","cnName":"\u5361\u5c14\u739b","tags":"\u4e2d\u5355,\u8f85\u52a9,\u6cd5\u5e08","defense":"7","magic":"8","difficulty":"5","attack":"1","seq":"80","price1":"3150","price2":"2500"},{"enName":"Gangplank","title":"\u6d77\u6d0b\u4e4b\u707e","cnName":"\u666e\u6717\u514b","tags":"\u65b0\u624b,\u4e0a\u5355,\u6218\u58eb,\u6253\u91ce","defense":"6","magic":"4","difficulty":"3","attack":"7","seq":"81","price1":"3150","price2":"2500"},{"enName":"Mordekaiser","title":"\u91d1\u5c5e\u5927\u5e08","cnName":"\u83ab\u5fb7\u51ef\u6492","tags":"\u4e2d\u5355,\u6cd5\u5e08,\u6218\u58eb","defense":"6","magic":"7","difficulty":"7","attack":"4","seq":"82","price1":"3150","price2":"1500"},{"enName":"Pantheon","title":"\u6218\u4e89\u4e4b\u738b","cnName":"\u6f58\u68ee","tags":"\u4e0a\u5355,\u6253\u91ce,\u6218\u58eb,\u4e2d\u5355","defense":"4","magic":"3","difficulty":"4","attack":"9","seq":"83","price1":"3150","price2":"1500"},{"enName":"Garen","title":"\u5fb7\u739b\u897f\u4e9a\u4e4b\u529b","cnName":"\u76d6\u4f26","tags":"\u65b0\u624b,\u4e0a\u5355,\u6218\u58eb,\u5766\u514b","defense":"7","magic":"1","difficulty":"5","attack":"7","seq":"84","price1":"3150","price2":"1000"},{"enName":"Akali","title":"\u6697\u5f71\u4e4b\u62f3","cnName":"\u963f\u5361\u4e3d","tags":"\u65b0\u624b,\u4e0a\u5355,\u523a\u5ba2,\u4e2d\u5355","defense":"3","magic":"8","difficulty":"7","attack":"5","seq":"85","price1":"3150","price2":"2500"},{"enName":"Jax","title":"\u6b66\u5668\u5927\u5e08","cnName":"\u8d3e\u514b\u65af","tags":"\u4e0a\u5355,\u6253\u91ce,\u6218\u58eb,\u5766\u514b","defense":"5","magic":"7","difficulty":"5","attack":"7","seq":"86","price1":"3150","price2":"2500"},{"enName":"Olaf","title":"\u72c2\u6218\u58eb","cnName":"\u5965\u62c9\u592b","tags":"\u4e0a\u5355,\u6253\u91ce,\u6218\u58eb,\u5766\u514b","defense":"5","magic":"3","difficulty":"3","attack":"9","seq":"87","price1":"3150","price2":"1500"},{"enName":"Urgot","title":"\u9996\u9886\u4e4b\u50b2","cnName":"\u5384\u52a0\u7279","tags":"\u4e0a\u5355,\u5c04\u624b,ADC","defense":"5","magic":"3","difficulty":"8","attack":"8","seq":"88","price1":"3150","price2":"2500"},{"enName":"XinZhao","title":"\u5fb7\u90a6\u603b\u7ba1","cnName":"\u8d75\u4fe1","tags":"\u65b0\u624b,\u4e0a\u5355,\u6253\u91ce,\u6218\u58eb","defense":"6","magic":"3","difficulty":"2","attack":"8","seq":"89","price1":"3150","price2":"2500"},{"enName":"Chogath","title":"\u865a\u7a7a\u6050\u60e7","cnName":"\u79d1'\u52a0\u65af","tags":"\u65b0\u624b,\u4e0a\u5355,\u5766\u514b,\u6253\u91ce","defense":"7","magic":"7","difficulty":"5","attack":"3","seq":"90","price1":"3150","price2":"1500"},{"enName":"Vladimir","title":"\u7329\u7ea2\u6536\u5272\u8005","cnName":"\u5f17\u62c9\u57fa\u7c73\u5c14","tags":"\u4e0a\u5355,\u6cd5\u5e08,\u4e2d\u5355","defense":"6","magic":"8","difficulty":"7","attack":"2","seq":"91","price1":"3150","price2":"2500"},{"enName":"Heimerdinger","title":"\u5927\u53d1\u660e\u5bb6","cnName":"\u9ed1\u9ed8\u4e01\u683c","tags":"\u4e2d\u5355,\u6cd5\u5e08,\u4e0a\u5355","defense":"6","magic":"8","difficulty":"8","attack":"2","seq":"92","price1":"3150","price2":"2500"},{"enName":"Nasus","title":"\u6c99\u6f20\u6b7b\u795e","cnName":"\u5185\u745f\u65af","tags":"\u65b0\u624b,\u4e0a\u5355,\u5766\u514b,\u6253\u91ce","defense":"5","magic":"6","difficulty":"6","attack":"7","seq":"93","price1":"3150","price2":"2500"},{"enName":"Warwick","title":"\u55dc\u8840\u730e\u624b","cnName":"\u6c83\u91cc\u514b","tags":"\u65b0\u624b,\u4e0a\u5355,\u6253\u91ce,\u6218\u58eb","defense":"4","magic":"4","difficulty":"3","attack":"7","seq":"94","price1":"3150","price2":"2500"},{"enName":"Katarina","title":"\u4e0d\u7965\u4e4b\u5203","cnName":"\u5361\u7279\u7433\u5a1c","tags":"\u65b0\u624b,\u4e2d\u5355,\u6cd5\u5e08","defense":"3","magic":"9","difficulty":"8","attack":"4","seq":"95","price1":"3150","price2":"2500"},{"enName":"MissFortune","title":"\u8d4f\u91d1\u730e\u4eba","cnName":"\u5384\u8fd0\u5c0f\u59d0","tags":"\u65b0\u624b,ADC,\u5c04\u624b","defense":"2","magic":"5","difficulty":"1","attack":"8","seq":"96","price1":"3150","price2":"2500"},{"enName":"Lux","title":"\u5149\u8f89\u5973\u90ce","cnName":"\u62c9\u514b\u4e1d","tags":"\u4e2d\u5355,\u6cd5\u5e08,\u8f85\u52a9","defense":"4","magic":"9","difficulty":"5","attack":"2","seq":"97","price1":"3150","price2":"2500"},{"enName":"Shen","title":"\u66ae\u5149\u4e4b\u773c","cnName":"\u614e","tags":"\u65b0\u624b,\u4e0a\u5355,\u5766\u514b,\u6253\u91ce","defense":"9","magic":"3","difficulty":"4","attack":"3","seq":"98","price1":"3150","price2":"2500"},{"enName":"Trundle","title":"\u5de8\u9b54\u4e4b\u738b","cnName":"\u7279\u6717\u5fb7\u5c14","tags":"\u6253\u91ce,\u4e0a\u5355,\u6218\u58eb,\u5766\u514b","defense":"6","magic":"2","difficulty":"5","attack":"7","seq":"99","price1":"3150","price2":"2500"},{"enName":"Taric","title":"\u5b9d\u77f3\u9a91\u58eb","cnName":"\u5854\u91cc\u514b","tags":"\u65b0\u624b,\u6253\u91ce,\u8f85\u52a9,\u5766\u514b","defense":"8","magic":"5","difficulty":"5","attack":"4","seq":"100","price1":"3150","price2":"1500"},{"enName":"Blitzcrank","title":"\u84b8\u6c7d\u673a\u5668\u4eba","cnName":"\u5e03\u91cc\u8328","tags":"\u65b0\u624b,\u5766\u514b,\u8f85\u52a9,\u4e0a\u5355","defense":"8","magic":"5","difficulty":"4","attack":"4","seq":"101","price1":"3150","price2":"2500"},{"enName":"DrMundo","title":"\u7956\u5b89\u72c2\u4eba","cnName":"\u8499\u591a\u533b\u751f","tags":"\u65b0\u624b,\u4e0a\u5355,\u5766\u514b,\u6253\u91ce","defense":"7","magic":"6","difficulty":"5","attack":"5","seq":"102","price1":"1350","price2":"2000"},{"enName":"Janna","title":"\u98ce\u66b4\u4e4b\u6012","cnName":"\u8fe6\u5a1c","tags":"\u65b0\u624b,\u4e2d\u5355,\u6cd5\u5e08,\u8f85\u52a9","defense":"5","magic":"7","difficulty":"7","attack":"3","seq":"103","price1":"1350","price2":"2000"},{"enName":"Morgana","title":"\u5815\u843d\u5929\u4f7f","cnName":"\u83ab\u7518\u5a1c","tags":"\u65b0\u624b,\u4e2d\u5355,\u6cd5\u5e08,\u8f85\u52a9","defense":"6","magic":"8","difficulty":"1","attack":"1","seq":"104","price1":"1350","price2":"2000"},{"enName":"Zilean","title":"\u65f6\u5149\u5b88\u62a4\u8005","cnName":"\u57fa\u5170","tags":"\u4e2d\u5355,\u6cd5\u5e08,\u8f85\u52a9","defense":"5","magic":"8","difficulty":"6","attack":"2","seq":"105","price1":"450","price2":"1000"},{"enName":"Singed","title":"\u70bc\u91d1\u672f\u58eb","cnName":"\u8f9b\u5409\u5fb7","tags":"\u4e0a\u5355,\u6218\u58eb,\u5766\u514b","defense":"8","magic":"7","difficulty":"5","attack":"4","seq":"106","price1":"1350","price2":"2000"},{"enName":"Evelynn","title":"\u5be1\u5987\u5236\u9020\u8005","cnName":"\u4f0a\u8299\u7433","tags":"\u4e2d\u5355,\u6253\u91ce,\u6cd5\u5e08,\u523a\u5ba2","defense":"2","magic":"7","difficulty":"10","attack":"4","seq":"107","price1":"1350","price2":"2000"},{"enName":"Amumu","title":"\u6b87\u4e4b\u6728\u4e43\u4f0a","cnName":"\u963f\u6728\u6728","tags":"\u65b0\u624b,\u6253\u91ce,\u5766\u514b,\u4e2d\u5355","defense":"6","magic":"8","difficulty":"3","attack":"2","seq":"108","price1":"1350","price2":"2000"},{"enName":"FiddleSticks","title":"\u672b\u65e5\u4f7f\u8005","cnName":"\u8d39\u5fb7\u63d0\u514b","tags":"\u6253\u91ce,\u4e2d\u5355,\u6cd5\u5e08,\u8f85\u52a9","defense":"3","magic":"9","difficulty":"9","attack":"2","seq":"109","price1":"1350","price2":"2000"},{"enName":"Tristana","title":"\u9ea6\u6797\u70ae\u624b","cnName":"\u5d14\u4e1d\u5854\u5a1c","tags":"ADC,\u5c04\u624b,\u4e2d\u5355","defense":"3","magic":"5","difficulty":"4","attack":"9","seq":"110","price1":"1350","price2":"1000"},{"enName":"Sion","title":"\u4ea1\u7075\u6218\u795e","cnName":"\u8d5b\u6069","tags":"\u4e0a\u5355,\u4e2d\u5355,\u6cd5\u5e08","defense":"9","magic":"3","difficulty":"5","attack":"5","seq":"111","price1":"1350","price2":"2000"},{"enName":"Alistar","title":"\u725b\u5934\u914b\u957f","cnName":"\u963f\u5229\u65af\u5854","tags":"\u65b0\u624b,\u6253\u91ce,\u8f85\u52a9","defense":"9","magic":"5","difficulty":"7","attack":"6","seq":"112","price1":"1350","price2":"1000"},{"enName":"Veigar","title":"\u90aa\u6076\u5c0f\u6cd5\u5e08","cnName":"\u7ef4\u8fe6","tags":"\u4e2d\u5355,\u6cd5\u5e08","defense":"2","magic":"10","difficulty":"7","attack":"2","seq":"113","price1":"1350","price2":"2000"},{"enName":"Malphite","title":"\u7194\u5ca9\u5de8\u517d","cnName":"\u58a8\u83f2\u7279","tags":"\u65b0\u624b,\u4e0a\u5355,\u5766\u514b,\u8f85\u52a9","defense":"9","magic":"7","difficulty":"2","attack":"5","seq":"114","price1":"1350","price2":"1500"},{"enName":"Poppy","title":"\u94a2\u94c1\u5927\u4f7f","cnName":"\u6ce2\u6bd4","tags":"\u4e0a\u5355,\u523a\u5ba2,\u6253\u91ce","defense":"6","magic":"5","difficulty":"7","attack":"6","seq":"115","price1":"450","price2":"1000"},{"enName":"Ashe","title":"\u5bd2\u51b0\u5c04\u624b","cnName":"\u827e\u5e0c","tags":"\u65b0\u624b,ADC,\u5c04\u624b","defense":"3","magic":"2","difficulty":"4","attack":"7","seq":"116","price1":"450","price2":"1000"},{"enName":"Sivir","title":"\u6218\u4e89\u5973\u795e","cnName":"\u5e0c\u7ef4\u5c14","tags":"\u65b0\u624b,ADC,\u5c04\u624b","defense":"3","magic":"1","difficulty":"4","attack":"9","seq":"117","price1":"450","price2":"1000"},{"enName":"Soraka","title":"\u4f17\u661f\u4e4b\u5b50","cnName":"\u7d22\u62c9\u5361","tags":"\u65b0\u624b,\u4e0a\u5355,\u8f85\u52a9,\u4e2d\u5355","defense":"5","magic":"7","difficulty":"3","attack":"2","seq":"118","price1":"450","price2":"1000"},{"enName":"Ryze","title":"\u6d41\u6d6a\u6cd5\u5e08","cnName":"\u745e\u5179","tags":"\u65b0\u624b,\u4e0a\u5355,\u4e2d\u5355,\u6cd5\u5e08","defense":"2","magic":"10","difficulty":"7","attack":"2","seq":"119","price1":"450","price2":"1000"},{"enName":"MasterYi","title":"\u65e0\u6781\u5251\u5723","cnName":"\u6613","tags":"\u65b0\u624b,\u6253\u91ce,\u523a\u5ba2,\u4e2d\u5355","defense":"4","magic":"2","difficulty":"4","attack":"10","seq":"120","price1":"450","price2":"1000"},{"enName":"Nunu","title":"\u96ea\u4eba\u9a91\u58eb","cnName":"\u52aa\u52aa","tags":"\u65b0\u624b,\u4e0a\u5355,\u6253\u91ce,\u8f85\u52a9","defense":"6","magic":"7","difficulty":"4","attack":"4","seq":"121","price1":"450","price2":"1000"},{"enName":"Kayle","title":"\u5ba1\u5224\u5929\u4f7f","cnName":"\u51ef\u5c14","tags":"\u4e0a\u5355,\u4e2d\u5355,\u6cd5\u5e08,\u6253\u91ce","defense":"6","magic":"7","difficulty":"7","attack":"6","seq":"122","price1":"450","price2":"1000"}]